Model,R2_train,RMSE_train,R2_test,RMSE_test
Polynomial Regression (Degree=2),0.2849632596736307,0.7451451686883322,0.2593813795036102,0.7351088020026941
