Predictor,R2,RMSE
alcohol,0.19217354646527984,0.7677385442404588
volatile acidity,0.07076533258252105,0.8234116578583417
sulphates,0.00029558683030650457,0.8540634061557847
